org.kost.nmap.android.networkmapper.apk,4.42561197281
de.marmaro.krt.ffupdater.apk,4.62733101845
net.wigle.wigleandroid.apk,14.2097289562
com.mikifus.padland.apk,8.91834902763
org.secuso.privacyfriendlydicer.apk,4.23355603218
rino.org.tethercompanion.apk,7.88415408134
de.phoenixstudios.pc_dimmer.apk,11.4351210594
ru.glesik.wifireminders.apk,5.3914949894
com.rogerbassonsrenart.paddletennis.apk,3.88015985489
com.danielkim.soundrecorder.apk,6.37279200554
com.nathanosman.chronosnap.apk,3.86883687973
at.linuxtage.companion.apk,10.2983720303
com.moonpi.swiftnotes.apk,4.61653995514
com.nightshadelabs.anotherbrowser.apk,0.208955049515
science.itaintrocket.pomfshare.apk,1.36054897308
de.naturalnet.mirwtfapp.apk,5.24101090431
de.baumann.sieben.apk,5.93206095695
org.bobstuff.bobball.apk,8.25796985626
net.iexos.musicalarm.apk,0.538506031036
com.tortel.syslog.apk,22.9752409458
net.bierbaumer.otp_authenticator.apk,17.8993799686
com.tomaszmarzeion.notepad.apk,7.91665697098
com.simplemobiletools.gallery.apk,44.5316841602
org.schabi.terminightor.apk,10.5927858353
org.developfreedom.wordpowermadeeasy.apk,0.413541078568
com.github.yeriomin.smsscheduler.apk,0.503756046295
org.cry.otp.apk,5.82882189751
com.maralexbar.wifikeyview.apk,0.249183893204
ch.ihdg.calendarcolor.apk,0.429850816727
com.github.redpanal.android.apk,4.78082299232
com.samsandberg.mtafarebuster.apk,4.92637419701
net.pmarks.chromadoze.apk,6.63737916946
org.y20k.transistor.apk,8.70285606384
com.llamacorp.equate.apk,5.59343481064
org.pulpdust.lesserpad.apk,3.56725287437
com.numguesser.tonio_rpchp.numberguesser.apk,4.03601288795
com.samsung.srpol.apk,6.45058584213
com.holokenmod.apk,0.839563846588
fr.hnit.riverferry.apk,3.00220799446
com.secuso.privacyFriendlyCodeScanner.apk,15.3473689556
us.shandian.giga.apk,12.6302850246
cz.martykan.forecastie.apk,6.39077615738
com.pjuu.droidotter.apk,0.310830116272
org.basketbuilddownloader.apk,11.4703330994
com.rubenroy.minimaltodo.apk,13.4604618549
com.sevag.pitcha.apk,0.410047054291
com.byagowi.persiancalendar.apk,11.5376560688
net.bitconomy.ckpoolwatcher.apk,4.09168601036
org.legtux.m_316k.taptheblacktiles.apk,4.93359088898
at.bitfire.cadroid.apk,4.11065196991
com.github.yeriomin.dumbphoneassistant.apk,8.4229388237
com.pjuu.otterdroid.apk,0.510460138321
net.gaast.giggity.apk,9.76400303841
com.github.mofosyne.instantreadme.apk,2.84064912796
de.jkliemann.parkendd.apk,14.2865278721
ch.blinkenlights.android.vanilla.apk,2.31987190247
com.abcdjdj.rootverifier.apk,3.81850194931
com.adam.aslfms.apk,9.0890378952
org.schabi.svgredirect.apk,4.46770691872
io.github.sanbeg.flashlight.apk,0.267118930817
com.ultramegatech.ey.apk,6.2562379837
org.opengappsdownloader.apk,11.3016240597
com.phikal.regex.apk,6.34852600098
com.jarsilio.android.waveup.apk,4.42412400246
eu.faircode.finegeotag.apk,3.16215991974
com.fullscreen.apk,5.89678192139
io.github.tompreuss.apnsettings.apk,4.50624108315
org.bienvenidoainternet.app.apk,97.8972871304
com.evenement.encapsulation.apk,8.85997509956
com.naman14.stools.apk,8.29439401627
org.indywidualni.fblite.apk,18.360366106
com.alexkang.loopboard.apk,4.48811101913
com.thibaudperso.sonycamera.apk,8.64884996414
com.soyblue.bluesound.apk,4.65073013306
anupam.acrylic.apk,0.42676281929
com.khuttun.notificationnotes.apk,6.31112885475
de.audioattack.yacy32c3search.apk,6.87864589691
is.pinterjann.jaws.apk,9.36450886726
com.mrbimc.selinux.apk,7.43126583099
com.doomy.torch.apk,0.582484006882
me.shrimadhavuk.watransmitter.apk,5.2353579998
ru.meefik.busybox.apk,5.50099205971
org.afhdownloader.apk,14.162348032
net.programmierecke.radiodroid2.apk,6.18552112579
be.brunoparmentier.apkshare.apk,6.2072019577
za.co.lukestonehm.logicaldefence.apk,4.79028201103
com.eibriel.reddot.apk,4.5884001255
com.claha.showtimeremote.apk,4.43469786644
org.holylobster.nuntius.apk,8.40192103386
fr.s3i.pointeuse.apk,3.93033099174
it.niedermann.owncloud.notes.apk,6.82435417175
io.github.phora.androptpb.apk,5.66312503815
com.gabm.fancyplaces.apk,17.0826740265
org.asnelt.derandom.apk,7.63942694664
be.digitalia.fosdem.apk,11.599832058
com.termux.widget.apk,0.289746046066
com.fisheradelakin.interactivestory.apk,3.95315098763
it.reyboz.chordshift.apk,4.60533809662
fr.tvbarthel.apps.simpleweatherforcast.apk,8.81950688362
net.loeuillet.wifi_eap_sim_conf.apk,0.31140089035
com.blanyal.remindly.apk,12.0759968758
org.opengemara.shiurim.apk,4.84832715988
com.simplemobiletools.draw.apk,9.70330500603
souch.smp.apk,0.879827976227
org.schabi.openhitboxstreams.apk,5.29369187355
de.meonwax.soundboard.apk,4.67442297935
io.github.benoitduffez.cupsprint.apk,11.7087991238
com.phg.constellations.apk,4.01149106026
com.ebaschiera.triplecamel.apk,5.14989805222
com.luk.timetable2.apk,17.0557899475
com.alexkang.bluechat.apk,1.05131316185
com.briankhuu.nfcmessageboard.apk,3.78199195862
de.karbach.tac.apk,3.11666297913
de.audioattack.openlink.apk,0.307459115982
org.yaaic.apk,9.35911989212
com.thefonz.ed_tool.apk,7.69677019119
com.easwareapps.quoter.apk,6.36213517189
de.cryptobitch.muelli.vouchercalc.apk,5.56702899933
org.segin.bfinterpreter.apk,4.70214104652
com.idunnololz.igo.apk,6.83342194557
com.redirectapps.tvkill.apk,6.30123996735
fr.mobdev.goblim.apk,6.16967916489
com.catchingnow.tinyclipboardmanager.apk,3.4598839283
com.dimtion.shaarlier.apk,10.6190078259
ovh.ice.icecons.apk,6.18565297127
org.secuso.privacyfriendlysudoku.apk,12.7599229813
click.dummer.textthing.apk,5.62031197548
com.ds.avare.apk,15.802382946
in.blogspot.anselmbros.torchie.apk,9.67678308487
com.rastating.droidbeard.apk,8.8098320961
org.surrel.facebooknotifications.apk,0.443557977676
org.hiittimer.hiittimer.apk,8.09516215324
org.osmocom.tacdatabaseclient.apk,5.99509596825
com.vrem.wifianalyzer.apk,21.4365611076
souch.smsbypass.apk,0.615601062775
axp.tool.apkextractor.apk,2.27393007278
com.guvery.notifyme.apk,2.81858491898
com.markusborg.test.apk,6.76897120476
com.secuso.torchlight2.apk,4.3324110508
com.mustafaali.sensorssandbox.apk,6.00151610374
org.janb.shoppinglist.apk,30.4427540302
org.schabi.sharewithnewpipe.apk,4.30885910988
com.example.ismael.downloadfilesweb.apk,6.21499109268
org.toulibre.cdl.apk,9.54349684715
me.anuraag.loveactualized.apk,3.04925584793
co.loubo.icicle.apk,8.79612588882
com.jotabout.screeninfo.apk,0.310373067856
vnd.blueararat.kaleidoscope6.apk,0.628514051437
com.termux.styling.apk,0.506827831268
info.staticfree.SuperGenPass.apk,2.25626802444
com.simplemobiletools.camera.apk,8.13688611984
com.javierllorente.adc.apk,8.56063294411
com.simplemobiletools.notes.apk,10.6556739807
de.kodejak.hashr.apk,6.57502102852
com.phpsysinfo.apk,8.57058286667
systems.byteswap.aiproute.apk,6.44477009773
com.github.mofosyne.tagdrop.apk,3.66682195663
com.prhlt.aemus.Read4SpeechExperiments.apk,2.28822803497
eu.siacs.conversations.voicerecorder.apk,1.36144804955
it.mobimentum.dualsimwidget.apk,4.74486207962
de.naturalnet.zahnarztgeraeusche.apk,5.3995308876
org.xposeddownloader.apk,11.5305240154
