com.simplemobiletools.draw.apk,1.6950750351
org.pulpdust.lesserpad.apk,0.33825802803
click.dummer.textthing.apk,1.58583903313
fr.hnit.riverferry.apk,1.44486618042
com.example.ismael.downloadfilesweb.apk,0.366797924042
it.niedermann.owncloud.notes.apk,0.411211967468
science.itaintrocket.pomfshare.apk,0.861976861954
org.kost.nmap.android.networkmapper.apk,0.573446989059
org.bienvenidoainternet.app.apk,5.18324804306
com.simplemobiletools.camera.apk,0.973798036575
cz.martykan.forecastie.apk,1.48922991753
com.mustafaali.sensorssandbox.apk,0.750019073486
at.linuxtage.companion.apk,0.993009090424
org.asnelt.derandom.apk,0.714288949966
de.karbach.tac.apk,1.15779900551
com.numguesser.tonio_rpchp.numberguesser.apk,0.962037086487
is.pinterjann.jaws.apk,1.09548592567
org.schabi.sharewithnewpipe.apk,1.03679609299
com.samsung.srpol.apk,1.65209507942
it.mobimentum.dualsimwidget.apk,0.999783992767
de.phoenixstudios.pc_dimmer.apk,1.06453800201
com.phikal.regex.apk,1.2411570549
com.llamacorp.equate.apk,1.36272406578
net.programmierecke.radiodroid2.apk,1.404266119
com.briankhuu.nfcmessageboard.apk,1.01449608803
fr.tvbarthel.apps.simpleweatherforcast.apk,0.569669961929
com.samsandberg.mtafarebuster.apk,1.38513898849
ch.ihdg.calendarcolor.apk,0.330584049225
za.co.lukestonehm.logicaldefence.apk,0.603412866592
org.schabi.terminightor.apk,1.86729884148
in.blogspot.anselmbros.torchie.apk,1.51023006439
systems.byteswap.aiproute.apk,1.17602396011
com.naman14.stools.apk,1.63934397697
org.secuso.privacyfriendlydicer.apk,0.313781023026
be.digitalia.fosdem.apk,1.35385417938
org.cry.otp.apk,1.46078205109
ru.meefik.busybox.apk,0.410473823547
org.osmocom.tacdatabaseclient.apk,0.416193008423
de.audioattack.yacy32c3search.apk,0.866974830627
org.bobstuff.bobball.apk,1.24447917938
com.khuttun.notificationnotes.apk,0.627087116241
org.holylobster.nuntius.apk,0.635110139847
com.guvery.notifyme.apk,0.794372081757
com.tortel.syslog.apk,1.90093994141
fr.mobdev.goblim.apk,1.52635598183
net.pmarks.chromadoze.apk,1.53069496155
de.cryptobitch.muelli.vouchercalc.apk,0.310175895691
com.markusborg.test.apk,1.22744512558
com.vrem.wifianalyzer.apk,1.23437786102
com.blanyal.remindly.apk,1.05931282043
net.gaast.giggity.apk,1.5555138588
ovh.ice.icecons.apk,0.290721893311
org.opengemara.shiurim.apk,1.25680923462
com.thefonz.ed_tool.apk,0.738731861115
at.bitfire.cadroid.apk,0.875530958176
de.marmaro.krt.ffupdater.apk,1.50423383713
de.naturalnet.zahnarztgeraeusche.apk,1.58605408669
com.mrbimc.selinux.apk,0.537892103195
de.baumann.sieben.apk,0.819303035736
com.secuso.torchlight2.apk,0.665235042572
com.phg.constellations.apk,1.14425897598
com.github.redpanal.android.apk,1.06435608864
eu.siacs.conversations.voicerecorder.apk,0.828603029251
net.bierbaumer.otp_authenticator.apk,1.66890192032
com.easwareapps.quoter.apk,0.338726043701
co.loubo.icicle.apk,1.02620506287
me.anuraag.loveactualized.apk,1.08431720734
com.claha.showtimeremote.apk,0.601097106934
info.staticfree.SuperGenPass.apk,0.512467861176
com.jarsilio.android.waveup.apk,1.23503613472
com.github.yeriomin.dumbphoneassistant.apk,0.902856111526
com.idunnololz.igo.apk,0.460564136505
org.opengappsdownloader.apk,1.80168604851
org.schabi.svgredirect.apk,1.18195605278
ru.glesik.wifireminders.apk,0.513136863708
net.bitconomy.ckpoolwatcher.apk,0.284567117691
org.legtux.m_316k.taptheblacktiles.apk,0.607753038406
eu.faircode.finegeotag.apk,0.762318849564
com.dimtion.shaarlier.apk,1.73026299477
de.kodejak.hashr.apk,1.05794906616
de.naturalnet.mirwtfapp.apk,0.591501951218
com.simplemobiletools.gallery.apk,2.81842303276
com.mikifus.padland.apk,0.645696878433
com.secuso.privacyFriendlyCodeScanner.apk,2.05413198471
org.afhdownloader.apk,1.39997410774
com.nathanosman.chronosnap.apk,1.25501990318
org.schabi.openhitboxstreams.apk,0.325703144073
com.fisheradelakin.interactivestory.apk,0.902243852615
