org.hiittimer.hiittimer.apk,greendao-2.0.0,jsr250-api-1.0,greendao-1.3.7
com.samsung.srpol.apk,library-2.4.0
com.luk.timetable2.apk,jsoup-1.7.3,jsoup-1.9.2,commons-io-1.3.2,jsr250-api-1.0,commons-lang3-3.3.2,jsoup-1.8.1,jsoup-1.8.3,commons-lang3-3.4,jsoup-1.8.2,jsoup-1.9.1
com.secuso.privacyFriendlyCodeScanner.apk,core-3.2.0,jsr250-api-1.0,core-3.2.1
com.gabm.fancyplaces.apk,jsr250-api-1.0,library-2.4.0,org.osmdroid.osmdroid-android.5.0.1,slf4j-api-1.6.1,slf4j-simple-1.6.1,osmdroid-android-4.2,org.osmdroid.osmdroid-android.5.1,osmdroid-android-4.3
com.guvery.notifyme.apk,library-2.4.0
at.bitfire.cadroid.apk,commons-lang3-3.4,jsr250-api-1.0,commons-lang3-3.3.2
net.bierbaumer.otp_authenticator.apk,core-3.2.0,commons-codec-1.6,jsr250-api-1.0,core-3.2.1,commons-codec-1.5
org.toulibre.cdl.apk,library-1.2.2,com.github.chrisbanes.PhotoView.1.2.6,com.github.chrisbanes.photoview.library.1.2.4,com.github.chrisbanes.photoview.library.1.2.3,com.commit451.PhotoView.1.2.4,com.commit451.PhotoView.1.2.5
org.schabi.terminightor.apk,library-2.4.0
at.linuxtage.companion.apk,library-1.2.2,com.github.chrisbanes.PhotoView.1.2.6,com.github.chrisbanes.photoview.library.1.2.4,com.github.chrisbanes.photoview.library.1.2.3,com.commit451.PhotoView.1.2.4,com.commit451.PhotoView.1.2.5
cz.martykan.forecastie.apk,TTS,dashclock-api-2.0.0
io.github.benoitduffez.cupsprint.apk,jmdns-3.4.1,jsr250-api-1.0
com.simplemobiletools.gallery.apk,glide-3.7.0,jsr250-api-1.0,glide-3.5.2
net.gaast.giggity.apk,commons-io-2.4,commons-io-2.0.1
info.staticfree.SuperGenPass.apk,commons-codec-1.6,commons-codec-1.8
eu.faircode.finegeotag.apk,jsr250-api-1.0,gson-2.2.4,gson-2.5,gson-2.4,gson-2.3.1,gson-2.8.0,gson-2.3
org.indywidualni.fblite.apk,jsoup-1.7.3,jsoup-1.9.2,jsr250-api-1.0,jsoup-1.8.1,jsoup-1.8.3,jsoup-1.8.2,jsoup-1.9.1
org.xposeddownloader.apk,jsoup-1.7.3,jsoup-1.9.2,jsr250-api-1.0,jsoup-1.8.1,jsoup-1.8.3,jsoup-1.8.2,jsoup-1.9.1
com.evenement.encapsulation.apk,jsoup-1.7.3,jsoup-1.9.2,jsr250-api-1.0,jsoup-1.8.1,jsoup-1.8.3,jsoup-1.8.2,jsoup-1.9.1
com.dimtion.shaarlier.apk,jsoup-1.7.3,jsoup-1.9.2,jsr250-api-1.0,jsoup-1.8.1,jsoup-1.8.3,jsoup-1.8.2,jsoup-1.9.1
us.shandian.giga.apk,jsr250-api-1.0,gson-2.2.4,gson-2.5,gson-2.4,gson-2.3.1,gson-2.8.0,gson-2.3
org.basketbuilddownloader.apk,jsoup-1.7.3,jsoup-1.9.2,jsr250-api-1.0,jsoup-1.8.1,jsoup-1.8.3,jsoup-1.8.2,jsoup-1.9.1
com.tortel.syslog.apk,jsr250-api-1.0,eventbus-2.4.0,eventbus-3.0.0
com.thibaudperso.sonycamera.apk,com.mcxiaoke.volley.library.1.0.19,jsr250-api-1.0,library-1.0.19
com.rubenroy.minimaltodo.apk,library-2.4.0
org.opengappsdownloader.apk,jsoup-1.7.3,jsoup-1.9.2,jsr250-api-1.0,jsoup-1.8.1,jsoup-1.8.3,jsoup-1.8.2,jsoup-1.9.1
fr.tvbarthel.apps.simpleweatherforcast.apk,library-2.4.0
org.afhdownloader.apk,jsoup-1.7.3,jsoup-1.9.2,jsr250-api-1.0,jsoup-1.8.1,jsoup-1.8.3,jsoup-1.8.2,jsoup-1.9.1
com.vrem.wifianalyzer.apk,commons-lang3-3.4,jsr250-api-1.0,commons-lang3-3.3.2
com.github.yeriomin.dumbphoneassistant.apk,junidecode-v0.2
