org.afhdownloader.apk,1,9,0.111111111111
com.danielkim.soundrecorder.apk,0,9,0.0
net.gaast.giggity.apk,1,4,0.25
com.github.mofosyne.tagdrop.apk,0,4,0.0
com.abcdjdj.rootverifier.apk,0,4,0.0
com.jarsilio.android.waveup.apk,0,6,0.0
org.indywidualni.fblite.apk,1,10,0.1
com.catchingnow.tinyclipboardmanager.apk,0,6,0.0
be.brunoparmentier.apkshare.apk,0,6,0.0
com.rogerbassonsrenart.paddletennis.apk,0,4,0.0
net.bitconomy.ckpoolwatcher.apk,0,4,0.0
com.rubenroy.minimaltodo.apk,1,13,0.0769230769231
science.itaintrocket.pomfshare.apk,0,3,0.0
com.eibriel.reddot.apk,0,4,0.0
com.vrem.wifianalyzer.apk,1,7,0.142857142857
io.github.benoitduffez.cupsprint.apk,1,5,0.2
be.digitalia.fosdem.apk,0,6,0.0
com.gabm.fancyplaces.apk,4,10,0.4
rino.org.tethercompanion.apk,0,4,0.0
de.audioattack.yacy32c3search.apk,0,6,0.0
com.rastating.droidbeard.apk,0,4,0.0
de.cryptobitch.muelli.vouchercalc.apk,0,6,0.0
fr.mobdev.goblim.apk,0,6,0.0
com.redirectapps.tvkill.apk,0,5,0.0
org.asnelt.derandom.apk,0,4,0.0
com.ultramegatech.ey.apk,0,3,0.0
com.simplemobiletools.camera.apk,0,8,0.0
at.bitfire.cadroid.apk,1,1,1.0
com.mustafaali.sensorssandbox.apk,0,8,0.0
de.meonwax.soundboard.apk,0,6,0.0
org.xposeddownloader.apk,1,9,0.111111111111
com.idunnololz.igo.apk,0,4,0.0
com.fullscreen.apk,0,4,0.0
com.javierllorente.adc.apk,0,5,0.0
com.byagowi.persiancalendar.apk,0,11,0.0
fr.hnit.riverferry.apk,0,6,0.0
com.mikifus.padland.apk,0,10,0.0
com.tomaszmarzeion.notepad.apk,0,6,0.0
io.github.phora.androptpb.apk,0,3,0.0
io.github.tompreuss.apnsettings.apk,0,4,0.0
com.khuttun.notificationnotes.apk,0,7,0.0
org.schabi.sharewithnewpipe.apk,0,6,0.0
org.holylobster.nuntius.apk,0,6,0.0
de.karbach.tac.apk,0,4,0.0
de.baumann.sieben.apk,0,8,0.0
com.nathanosman.chronosnap.apk,0,4,0.0
com.secuso.torchlight2.apk,0,4,0.0
org.secuso.privacyfriendlysudoku.apk,0,6,0.0
com.ebaschiera.triplecamel.apk,0,5,0.0
de.phoenixstudios.pc_dimmer.apk,0,6,0.0
org.cry.otp.apk,0,8,0.0
net.wigle.wigleandroid.apk,0,5,0.0
ch.ihdg.calendarcolor.apk,0,1,0.0
com.samsandberg.mtafarebuster.apk,0,6,0.0
com.briankhuu.nfcmessageboard.apk,0,4,0.0
fr.s3i.pointeuse.apk,0,6,0.0
com.thibaudperso.sonycamera.apk,1,4,0.25
ru.meefik.busybox.apk,0,4,0.0
com.naman14.stools.apk,0,5,0.0
com.claha.showtimeremote.apk,0,4,0.0
de.kodejak.hashr.apk,0,4,0.0
ovh.ice.icecons.apk,0,4,0.0
de.marmaro.krt.ffupdater.apk,0,6,0.0
com.phikal.regex.apk,0,5,0.0
com.numguesser.tonio_rpchp.numberguesser.apk,0,4,0.0
com.simplemobiletools.draw.apk,0,9,0.0
net.pmarks.chromadoze.apk,0,4,0.0
com.phg.constellations.apk,0,4,0.0
com.evenement.encapsulation.apk,1,9,0.111111111111
com.simplemobiletools.notes.apk,0,9,0.0
in.blogspot.anselmbros.torchie.apk,0,6,0.0
com.llamacorp.equate.apk,0,1,0.0
fr.tvbarthel.apps.simpleweatherforcast.apk,1,5,0.2
it.niedermann.owncloud.notes.apk,0,7,0.0
net.bierbaumer.otp_authenticator.apk,2,9,0.222222222222
org.segin.bfinterpreter.apk,0,4,0.0
com.tortel.syslog.apk,1,12,0.0833333333333
org.schabi.terminightor.apk,1,10,0.1
info.staticfree.SuperGenPass.apk,1,3,0.333333333333
it.mobimentum.dualsimwidget.apk,0,6,0.0
com.soyblue.bluesound.apk,0,4,0.0
za.co.lukestonehm.logicaldefence.apk,0,7,0.0
com.dimtion.shaarlier.apk,1,5,0.2
com.samsung.srpol.apk,1,6,0.166666666667
me.anuraag.loveactualized.apk,0,4,0.0
com.github.yeriomin.dumbphoneassistant.apk,1,1,1.0
de.jkliemann.parkendd.apk,0,6,0.0
com.simplemobiletools.gallery.apk,1,12,0.0833333333333
org.yaaic.apk,0,4,0.0
com.adam.aslfms.apk,0,5,0.0
ru.glesik.wifireminders.apk,0,3,0.0
com.markusborg.test.apk,0,4,0.0
eu.siacs.conversations.voicerecorder.apk,0,4,0.0
systems.byteswap.aiproute.apk,0,4,0.0
is.pinterjann.jaws.apk,0,5,0.0
org.pulpdust.lesserpad.apk,0,1,0.0
org.legtux.m_316k.taptheblacktiles.apk,0,4,0.0
org.toulibre.cdl.apk,1,6,0.166666666667
com.github.mofosyne.instantreadme.apk,0,4,0.0
org.hiittimer.hiittimer.apk,1,2,0.5
org.schabi.svgredirect.apk,0,6,0.0
com.thefonz.ed_tool.apk,0,3,0.0
org.y20k.transistor.apk,0,8,0.0
org.schabi.openhitboxstreams.apk,0,6,0.0
com.alexkang.loopboard.apk,0,3,0.0
eu.faircode.finegeotag.apk,1,1,1.0
it.reyboz.chordshift.apk,0,4,0.0
cz.martykan.forecastie.apk,1,7,0.142857142857
com.secuso.privacyFriendlyCodeScanner.apk,1,6,0.166666666667
me.shrimadhavuk.watransmitter.apk,0,4,0.0
com.example.ismael.downloadfilesweb.apk,0,4,0.0
org.bobstuff.bobball.apk,0,4,0.0
com.phpsysinfo.apk,0,4,0.0
co.loubo.icicle.apk,0,4,0.0
com.prhlt.aemus.Read4SpeechExperiments.apk,0,4,0.0
de.naturalnet.mirwtfapp.apk,0,6,0.0
org.janb.shoppinglist.apk,0,13,0.0
com.guvery.notifyme.apk,1,8,0.125
com.easwareapps.quoter.apk,0,9,0.0
net.programmierecke.radiodroid2.apk,0,9,0.0
com.fisheradelakin.interactivestory.apk,0,4,0.0
com.github.redpanal.android.apk,0,4,0.0
com.luk.timetable2.apk,3,13,0.230769230769
us.shandian.giga.apk,1,7,0.142857142857
org.kost.nmap.android.networkmapper.apk,0,4,0.0
org.osmocom.tacdatabaseclient.apk,0,6,0.0
click.dummer.textthing.apk,0,6,0.0
org.opengappsdownloader.apk,1,9,0.111111111111
org.secuso.privacyfriendlydicer.apk,0,4,0.0
axp.tool.apkextractor.apk,0,6,0.0
com.blanyal.remindly.apk,0,9,0.0
org.bienvenidoainternet.app.apk,0,13,0.0
com.mrbimc.selinux.apk,0,4,0.0
org.opengemara.shiurim.apk,0,6,0.0
com.moonpi.swiftnotes.apk,0,4,0.0
de.naturalnet.zahnarztgeraeusche.apk,0,6,0.0
org.basketbuilddownloader.apk,1,9,0.111111111111
at.linuxtage.companion.apk,1,6,0.166666666667
