za.co.lukestonehm.logicaldefence.apk,13.2142188549
de.audioattack.openlink.apk,0.422862052917
org.janb.shoppinglist.apk,2.25056385994
it.reyboz.chordshift.apk,8.91316485405
de.phoenixstudios.pc_dimmer.apk,1.16366100311
org.hiittimer.hiittimer.apk,0.875605106354
com.samsung.srpol.apk,24.1878530979
com.claha.showtimeremote.apk,10.4117469788
it.mobimentum.dualsimwidget.apk,12.108412981
systems.byteswap.aiproute.apk,13.4342958927
net.wigle.wigleandroid.apk,12.2414970398
com.ebaschiera.triplecamel.apk,7.94163608551
com.doomy.torch.apk,0.341071128845
org.opengemara.shiurim.apk,11.7694468498
com.easwareapps.quoter.apk,14.440459013
com.luk.timetable2.apk,83.9846560955
com.secuso.privacyFriendlyCodeScanner.apk,16.5244920254
vnd.blueararat.kaleidoscope6.apk,0.4430539608
com.markusborg.test.apk,10.4456620216
org.osmocom.tacdatabaseclient.apk,16.8384330273
de.baumann.sieben.apk,15.6314640045
be.brunoparmentier.apkshare.apk,12.7529659271
de.jkliemann.parkendd.apk,13.7950959206
com.samsandberg.mtafarebuster.apk,14.8459060192
com.javierllorente.adc.apk,10.7750418186
com.gabm.fancyplaces.apk,66.2354121208
de.karbach.tac.apk,11.9109709263
com.guvery.notifyme.apk,18.6353111267
at.bitfire.cadroid.apk,2.51947784424
org.bienvenidoainternet.app.apk,6.17041397095
net.bierbaumer.otp_authenticator.apk,76.0768721104
com.jarsilio.android.waveup.apk,12.5563399792
ru.meefik.busybox.apk,13.0124518871
de.cryptobitch.muelli.vouchercalc.apk,15.2582418919
fr.mobdev.goblim.apk,18.8599190712
it.niedermann.owncloud.notes.apk,0.664147138596
net.bitconomy.ckpoolwatcher.apk,7.1152510643
org.toulibre.cdl.apk,8.25074601173
org.bobstuff.bobball.apk,12.2348761559
de.kodejak.hashr.apk,9.84283900261
io.github.phora.androptpb.apk,13.0772399902
ch.blinkenlights.android.vanilla.apk,1.4285800457
io.github.tompreuss.apnsettings.apk,8.90987801552
com.mikifus.padland.apk,19.7850089073
org.schabi.terminightor.apk,44.7326309681
com.redirectapps.tvkill.apk,15.28464818
com.tomaszmarzeion.notepad.apk,18.9604580402
com.example.ismael.downloadfilesweb.apk,14.0647621155
at.linuxtage.companion.apk,21.6327221394
com.fullscreen.apk,17.1723711491
org.yaaic.apk,9.25700306892
com.numguesser.tonio_rpchp.numberguesser.apk,6.36930704117
com.phpsysinfo.apk,12.584239006
cz.martykan.forecastie.apk,20.1604471207
io.github.benoitduffez.cupsprint.apk,39.7430000305
rino.org.tethercompanion.apk,13.9053351879
com.soyblue.bluesound.apk,9.45012402534
com.moonpi.swiftnotes.apk,9.03882694244
net.iexos.musicalarm.apk,0.321120977402
com.khuttun.notificationnotes.apk,21.328608036
com.idunnololz.igo.apk,15.2345738411
souch.smsbypass.apk,0.548050165176
org.cry.otp.apk,15.5360209942
ru.glesik.wifireminders.apk,8.20876407623
me.shrimadhavuk.watransmitter.apk,4.76468086243
com.simplemobiletools.gallery.apk,103.313781977
net.gaast.giggity.apk,17.3217821121
org.developfreedom.wordpowermadeeasy.apk,0.305291175842
com.secuso.torchlight2.apk,7.7327849865
com.jotabout.screeninfo.apk,0.32834982872
com.pjuu.droidotter.apk,0.207546949387
info.staticfree.SuperGenPass.apk,1.54068207741
de.meonwax.soundboard.apk,11.0973241329
com.eibriel.reddot.apk,9.86753201485
com.phikal.regex.apk,11.010627985
eu.faircode.finegeotag.apk,1.77924203873
org.legtux.m_316k.taptheblacktiles.apk,6.54819917679
ovh.ice.icecons.apk,15.9069252014
axp.tool.apkextractor.apk,8.88815116882
com.naman14.stools.apk,8.10720801353
com.alexkang.loopboard.apk,7.30207300186
com.adam.aslfms.apk,14.9632000923
com.mrbimc.selinux.apk,11.238735199
org.indywidualni.fblite.apk,45.497027874
com.ds.avare.apk,2.20492196083
co.loubo.icicle.apk,10.2842130661
com.sevag.pitcha.apk,0.109124898911
org.schabi.svgredirect.apk,16.375483036
com.briankhuu.nfcmessageboard.apk,9.06902194023
org.xposeddownloader.apk,31.0183718204
org.secuso.privacyfriendlysudoku.apk,1.4956099987
com.prhlt.aemus.Read4SpeechExperiments.apk,7.80389690399
ch.ihdg.calendarcolor.apk,0.226897001266
org.pulpdust.lesserpad.apk,0.649146080017
org.schabi.openhitboxstreams.apk,16.438808918
net.pmarks.chromadoze.apk,15.5777080059
com.ultramegatech.ey.apk,11.5050020218
com.evenement.encapsulation.apk,39.809538126
de.naturalnet.zahnarztgeraeusche.apk,15.9254341125
science.itaintrocket.pomfshare.apk,6.32308697701
anupam.acrylic.apk,0.282537937164
com.mustafaali.sensorssandbox.apk,16.1201739311
com.dimtion.shaarlier.apk,42.0306301117
in.blogspot.anselmbros.torchie.apk,21.427216053
com.simplemobiletools.notes.apk,16.0489230156
us.shandian.giga.apk,19.0550088882
com.blanyal.remindly.apk,11.9484419823
net.loeuillet.wifi_eap_sim_conf.apk,0.290916204453
org.kost.nmap.android.networkmapper.apk,8.92696094513
com.simplemobiletools.camera.apk,17.4436559677
org.surrel.facebooknotifications.apk,0.275733947754
io.github.sanbeg.flashlight.apk,0.220324993134
org.holylobster.nuntius.apk,9.94369602203
com.fisheradelakin.interactivestory.apk,8.86908316612
be.digitalia.fosdem.apk,46.9338672161
org.basketbuilddownloader.apk,35.8016588688
com.tortel.syslog.apk,40.1586749554
com.llamacorp.equate.apk,0.64436006546
com.thibaudperso.sonycamera.apk,26.0816459656
de.marmaro.krt.ffupdater.apk,14.3945000172
de.naturalnet.mirwtfapp.apk,15.8202328682
com.holokenmod.apk,0.618108987808
eu.siacs.conversations.voicerecorder.apk,12.1886708736
com.danielkim.soundrecorder.apk,10.4452109337
fr.s3i.pointeuse.apk,11.8445339203
com.nathanosman.chronosnap.apk,8.57491993904
com.github.yeriomin.smsscheduler.apk,0.432808876038
com.github.mofosyne.tagdrop.apk,9.99775409698
com.termux.styling.apk,0.299018144608
com.termux.widget.apk,0.197722196579
com.rubenroy.minimaltodo.apk,65.9494349957
org.opengappsdownloader.apk,31.3744750023
com.maralexbar.wifikeyview.apk,0.460390090942
souch.smp.apk,1.12333703041
com.pjuu.otterdroid.apk,0.135478019714
com.github.redpanal.android.apk,13.2175860405
fr.tvbarthel.apps.simpleweatherforcast.apk,24.0968768597
com.nightshadelabs.anotherbrowser.apk,0.236322879791
org.y20k.transistor.apk,15.0410518646
com.rastating.droidbeard.apk,7.62833118439
com.alexkang.bluechat.apk,0.335616111755
com.github.mofosyne.instantreadme.apk,11.7412209511
org.asnelt.derandom.apk,14.7757217884
com.simplemobiletools.draw.apk,15.4943728447
org.segin.bfinterpreter.apk,9.64821887016
org.schabi.sharewithnewpipe.apk,14.5845050812
com.catchingnow.tinyclipboardmanager.apk,10.9860329628
de.audioattack.yacy32c3search.apk,15.9088089466
com.rogerbassonsrenart.paddletennis.apk,8.45632004738
me.anuraag.loveactualized.apk,9.05971479416
fr.hnit.riverferry.apk,12.8708410263
org.afhdownloader.apk,22.4366889
com.byagowi.persiancalendar.apk,0.983440160751
com.phg.constellations.apk,10.2028870583
com.vrem.wifianalyzer.apk,27.4152991772
com.github.yeriomin.dumbphoneassistant.apk,5.576846838
com.thefonz.ed_tool.apk,7.70902204514
click.dummer.textthing.apk,14.414495945
org.secuso.privacyfriendlydicer.apk,11.6008319855
is.pinterjann.jaws.apk,16.4089920521
net.programmierecke.radiodroid2.apk,17.3025140762
com.abcdjdj.rootverifier.apk,8.75728917122
