de.meonwax.soundboard.apk,1.34860682487
fr.s3i.pointeuse.apk,0.691856861115
org.schabi.svgredirect.apk,0.825492858887
at.bitfire.cadroid.apk,2.53017020226
com.khuttun.notificationnotes.apk,0.769499063492
org.toulibre.cdl.apk,4.09577703476
org.schabi.sharewithnewpipe.apk,0.547290086746
com.ebaschiera.triplecamel.apk,1.11912298203
com.blanyal.remindly.apk,2.73420882225
net.bierbaumer.otp_authenticator.apk,9.44343996048
it.mobimentum.dualsimwidget.apk,0.762861013412
com.llamacorp.equate.apk,1.74275994301
org.legtux.m_316k.taptheblacktiles.apk,0.851664066315
com.mrbimc.selinux.apk,1.18911194801
org.hiittimer.hiittimer.apk,2.17683196068
org.yaaic.apk,2.74167299271
com.rogerbassonsrenart.paddletennis.apk,0.906008005142
org.xposeddownloader.apk,4.80741405487
com.samsandberg.mtafarebuster.apk,0.705335855484
it.reyboz.chordshift.apk,0.67964887619
info.staticfree.SuperGenPass.apk,2.6206381321
ru.meefik.busybox.apk,0.768193006516
com.github.yeriomin.dumbphoneassistant.apk,5.38318705559
com.gabm.fancyplaces.apk,8.51254796982
com.numguesser.tonio_rpchp.numberguesser.apk,0.707402944565
com.luk.timetable2.apk,7.80376076698
org.cry.otp.apk,0.989100933075
me.anuraag.loveactualized.apk,0.549643039703
com.example.ismael.downloadfilesweb.apk,0.912215948105
click.dummer.textthing.apk,0.67359995842
com.evenement.encapsulation.apk,3.60304522514
ovh.ice.icecons.apk,1.25735116005
com.redirectapps.tvkill.apk,0.63690495491
org.y20k.transistor.apk,1.83746314049
com.abcdjdj.rootverifier.apk,0.585928201675
vnd.blueararat.kaleidoscope6.apk,1.60653400421
be.brunoparmentier.apkshare.apk,0.521967172623
com.simplemobiletools.camera.apk,2.07491397858
com.nightshadelabs.anotherbrowser.apk,0.234022140503
com.github.redpanal.android.apk,0.902890205383
de.audioattack.yacy32c3search.apk,1.02358818054
ch.ihdg.calendarcolor.apk,0.311386108398
net.wigle.wigleandroid.apk,2.73720598221
com.github.mofosyne.instantreadme.apk,0.480850934982
me.shrimadhavuk.watransmitter.apk,0.738318920135
com.adam.aslfms.apk,2.5641078949
org.janb.shoppinglist.apk,15.9034831524
de.naturalnet.mirwtfapp.apk,0.766582965851
org.osmocom.tacdatabaseclient.apk,0.671532154083
in.blogspot.anselmbros.torchie.apk,1.7249557972
com.secuso.privacyFriendlyCodeScanner.apk,9.50390100479
com.github.yeriomin.smsscheduler.apk,0.61548781395
com.pjuu.droidotter.apk,0.302956104279
de.audioattack.openlink.apk,0.555016994476
org.secuso.privacyfriendlydicer.apk,0.786160230637
org.pulpdust.lesserpad.apk,1.23909306526
be.digitalia.fosdem.apk,3.4272441864
com.alexkang.loopboard.apk,0.57799911499
net.bitconomy.ckpoolwatcher.apk,0.745882987976
ch.blinkenlights.android.vanilla.apk,2.54248404503
com.mikifus.padland.apk,1.7682659626
com.rubenroy.minimaltodo.apk,4.08882689476
com.ultramegatech.ey.apk,0.990226984024
org.secuso.privacyfriendlysudoku.apk,3.13974809647
com.maralexbar.wifikeyview.apk,0.417487859726
com.claha.showtimeremote.apk,0.759871006012
fr.mobdev.goblim.apk,0.981344938278
org.opengappsdownloader.apk,4.54300689697
de.baumann.sieben.apk,1.40910196304
com.briankhuu.nfcmessageboard.apk,0.720323085785
axp.tool.apkextractor.apk,0.543297052383
io.github.tompreuss.apnsettings.apk,0.589098930359
co.loubo.icicle.apk,2.86255002022
com.sevag.pitcha.apk,0.483177185059
com.nathanosman.chronosnap.apk,0.691130161285
org.kost.nmap.android.networkmapper.apk,1.14137196541
org.bienvenidoainternet.app.apk,39.4709570408
souch.smsbypass.apk,0.671097040176
org.asnelt.derandom.apk,1.07475399971
com.termux.widget.apk,0.314202070236
io.github.benoitduffez.cupsprint.apk,3.06972193718
io.github.sanbeg.flashlight.apk,0.366389989853
com.vrem.wifianalyzer.apk,8.55270004272
com.soyblue.bluesound.apk,0.885675907135
net.iexos.musicalarm.apk,0.991410970688
com.samsung.srpol.apk,3.26426100731
com.termux.styling.apk,0.270834922791
cz.martykan.forecastie.apk,1.06256985664
com.catchingnow.tinyclipboardmanager.apk,2.14360809326
org.bobstuff.bobball.apk,1.62953019142
net.pmarks.chromadoze.apk,1.06271505356
com.fisheradelakin.interactivestory.apk,0.790574073792
com.dimtion.shaarlier.apk,4.86092615128
com.github.mofosyne.tagdrop.apk,0.79141998291
com.ds.avare.apk,15.1364870071
fr.hnit.riverferry.apk,1.14649391174
com.jotabout.screeninfo.apk,0.249274969101
com.easwareapps.quoter.apk,0.791161775589
anupam.acrylic.apk,0.547307014465
com.moonpi.swiftnotes.apk,0.843054056168
de.karbach.tac.apk,0.931037902832
com.pjuu.otterdroid.apk,0.41717505455
science.itaintrocket.pomfshare.apk,0.338263988495
com.secuso.torchlight2.apk,0.627228975296
com.simplemobiletools.gallery.apk,18.107724905
com.prhlt.aemus.Read4SpeechExperiments.apk,0.77877497673
com.javierllorente.adc.apk,1.07197117805
io.github.phora.androptpb.apk,1.49565982819
de.phoenixstudios.pc_dimmer.apk,3.67867207527
de.cryptobitch.muelli.vouchercalc.apk,0.666671991348
eu.siacs.conversations.voicerecorder.apk,0.457356929779
org.indywidualni.fblite.apk,9.02549695969
com.doomy.torch.apk,0.810522079468
at.linuxtage.companion.apk,4.41021203995
com.idunnololz.igo.apk,2.37810087204
org.segin.bfinterpreter.apk,0.510244846344
org.schabi.openhitboxstreams.apk,0.780461072922
com.markusborg.test.apk,1.25325512886
com.fullscreen.apk,0.650850057602
com.mustafaali.sensorssandbox.apk,1.23989105225
souch.smp.apk,1.01198196411
com.naman14.stools.apk,3.41161203384
com.alexkang.bluechat.apk,0.815449953079
de.marmaro.krt.ffupdater.apk,1.02432703972
de.kodejak.hashr.apk,0.994952917099
com.tortel.syslog.apk,3.53115200996
com.phikal.regex.apk,1.12435388565
com.thibaudperso.sonycamera.apk,2.63924598694
fr.tvbarthel.apps.simpleweatherforcast.apk,2.64218711853
org.opengemara.shiurim.apk,0.722207069397
com.thefonz.ed_tool.apk,1.07251596451
org.afhdownloader.apk,5.00853705406
com.byagowi.persiancalendar.apk,2.73338508606
eu.faircode.finegeotag.apk,2.57691502571
systems.byteswap.aiproute.apk,0.842854976654
it.niedermann.owncloud.notes.apk,2.41312098503
com.tomaszmarzeion.notepad.apk,1.28553009033
de.naturalnet.zahnarztgeraeusche.apk,1.00119495392
de.jkliemann.parkendd.apk,4.71374988556
com.jarsilio.android.waveup.apk,0.654944896698
com.simplemobiletools.notes.apk,3.63920998573
is.pinterjann.jaws.apk,1.10068893433
com.danielkim.soundrecorder.apk,2.91836595535
net.programmierecke.radiodroid2.apk,1.4891037941
com.phpsysinfo.apk,1.98220896721
za.co.lukestonehm.logicaldefence.apk,0.652409076691
org.holylobster.nuntius.apk,1.47663092613
org.schabi.terminightor.apk,2.68589091301
net.gaast.giggity.apk,2.7425429821
ru.glesik.wifireminders.apk,0.555087089539
com.guvery.notifyme.apk,2.43992400169
com.holokenmod.apk,1.23384094238
org.developfreedom.wordpowermadeeasy.apk,0.580317974091
org.basketbuilddownloader.apk,5.77182102203
rino.org.tethercompanion.apk,1.14699697495
com.eibriel.reddot.apk,0.909067869186
com.rastating.droidbeard.apk,3.48197412491
org.surrel.facebooknotifications.apk,0.592242956161
net.loeuillet.wifi_eap_sim_conf.apk,0.363714933395
com.simplemobiletools.draw.apk,2.32887196541
us.shandian.giga.apk,5.66441988945
com.phg.constellations.apk,0.950156927109
