org.afhdownloader.apk,0,9,0.0
net.gaast.giggity.apk,0,4,0.0
net.bitconomy.ckpoolwatcher.apk,0,4,0.0
science.itaintrocket.pomfshare.apk,0,3,0.0
com.vrem.wifianalyzer.apk,0,7,0.0
com.jarsilio.android.waveup.apk,0,6,0.0
de.audioattack.yacy32c3search.apk,0,6,0.0
eu.faircode.finegeotag.apk,0,1,0.0
fr.mobdev.goblim.apk,0,6,0.0
org.asnelt.derandom.apk,0,4,0.0
com.simplemobiletools.camera.apk,0,8,0.0
org.cry.otp.apk,0,8,0.0
com.mustafaali.sensorssandbox.apk,0,8,0.0
org.legtux.m_316k.taptheblacktiles.apk,0,4,0.0
fr.hnit.riverferry.apk,0,6,0.0
com.mikifus.padland.apk,0,10,0.0
com.khuttun.notificationnotes.apk,0,7,0.0
org.schabi.sharewithnewpipe.apk,0,6,0.0
de.karbach.tac.apk,0,4,0.0
de.baumann.sieben.apk,0,8,0.0
com.nathanosman.chronosnap.apk,0,4,0.0
com.secuso.torchlight2.apk,0,4,0.0
de.phoenixstudios.pc_dimmer.apk,0,6,0.0
at.bitfire.cadroid.apk,0,1,0.0
ch.ihdg.calendarcolor.apk,0,1,0.0
com.samsandberg.mtafarebuster.apk,0,6,0.0
com.briankhuu.nfcmessageboard.apk,0,4,0.0
ru.meefik.busybox.apk,0,4,0.0
com.naman14.stools.apk,0,5,0.0
com.claha.showtimeremote.apk,0,4,0.0
de.kodejak.hashr.apk,0,4,0.0
ovh.ice.icecons.apk,0,4,0.0
de.marmaro.krt.ffupdater.apk,0,6,0.0
com.phikal.regex.apk,0,5,0.0
com.numguesser.tonio_rpchp.numberguesser.apk,0,4,0.0
com.simplemobiletools.draw.apk,0,9,0.0
it.mobimentum.dualsimwidget.apk,0,6,0.0
de.naturalnet.mirwtfapp.apk,0,6,0.0
com.phg.constellations.apk,0,4,0.0
in.blogspot.anselmbros.torchie.apk,0,6,0.0
com.llamacorp.equate.apk,0,1,0.0
fr.tvbarthel.apps.simpleweatherforcast.apk,0,5,0.0
net.bierbaumer.otp_authenticator.apk,0,9,0.0
com.tortel.syslog.apk,1,12,0.0833333333333
org.schabi.terminightor.apk,0,10,0.0
de.cryptobitch.muelli.vouchercalc.apk,0,6,0.0
info.staticfree.SuperGenPass.apk,0,3,0.0
net.pmarks.chromadoze.apk,0,4,0.0
it.niedermann.owncloud.notes.apk,0,7,0.0
za.co.lukestonehm.logicaldefence.apk,0,7,0.0
com.dimtion.shaarlier.apk,0,5,0.0
com.samsung.srpol.apk,0,6,0.0
me.anuraag.loveactualized.apk,0,4,0.0
com.github.yeriomin.dumbphoneassistant.apk,0,1,0.0
com.fisheradelakin.interactivestory.apk,0,4,0.0
ru.glesik.wifireminders.apk,0,3,0.0
com.markusborg.test.apk,0,4,0.0
eu.siacs.conversations.voicerecorder.apk,0,4,0.0
systems.byteswap.aiproute.apk,0,4,0.0
org.pulpdust.lesserpad.apk,0,1,0.0
com.idunnololz.igo.apk,0,4,0.0
org.schabi.svgredirect.apk,0,6,0.0
com.thefonz.ed_tool.apk,0,3,0.0
org.schabi.openhitboxstreams.apk,0,6,0.0
be.digitalia.fosdem.apk,0,6,0.0
org.holylobster.nuntius.apk,0,6,0.0
cz.martykan.forecastie.apk,0,7,0.0
com.secuso.privacyFriendlyCodeScanner.apk,0,6,0.0
com.example.ismael.downloadfilesweb.apk,0,4,0.0
org.bobstuff.bobball.apk,0,4,0.0
co.loubo.icicle.apk,0,4,0.0
com.guvery.notifyme.apk,0,8,0.0
com.easwareapps.quoter.apk,0,9,0.0
net.programmierecke.radiodroid2.apk,0,9,0.0
com.simplemobiletools.gallery.apk,0,12,0.0
com.github.redpanal.android.apk,0,4,0.0
is.pinterjann.jaws.apk,0,5,0.0
org.kost.nmap.android.networkmapper.apk,0,4,0.0
org.osmocom.tacdatabaseclient.apk,0,6,0.0
click.dummer.textthing.apk,0,6,0.0
org.opengappsdownloader.apk,0,9,0.0
org.secuso.privacyfriendlydicer.apk,0,4,0.0
com.blanyal.remindly.apk,0,9,0.0
org.bienvenidoainternet.app.apk,0,13,0.0
com.mrbimc.selinux.apk,0,4,0.0
org.opengemara.shiurim.apk,0,6,0.0
de.naturalnet.zahnarztgeraeusche.apk,0,6,0.0
at.linuxtage.companion.apk,0,6,0.0
