com.github.yeriomin.dumbphoneassistant.apk,2.00064992905
org.secuso.privacyfriendlydicer.apk,0.51048707962
org.holylobster.nuntius.apk,0.65890789032
com.mikifus.padland.apk,0.638830184937
com.easwareapps.quoter.apk,1.36440300941
org.schabi.terminightor.apk,0.716063022614
be.digitalia.fosdem.apk,1.62575912476
net.programmierecke.radiodroid2.apk,1.0291352272
net.gaast.giggity.apk,1.2184009552
com.mrbimc.selinux.apk,0.579972982407
com.example.ismael.downloadfilesweb.apk,0.808973789215
cz.martykan.forecastie.apk,0.340535163879
com.jarsilio.android.waveup.apk,0.517235994339
org.opengemara.shiurim.apk,0.281974077225
click.dummer.textthing.apk,0.322988033295
me.anuraag.loveactualized.apk,0.270941019058
eu.faircode.finegeotag.apk,0.745774030685
org.pulpdust.lesserpad.apk,0.727962970734
in.blogspot.anselmbros.torchie.apk,0.98867893219
com.secuso.privacyFriendlyCodeScanner.apk,1.54154801369
org.schabi.sharewithnewpipe.apk,0.5934882164
de.baumann.sieben.apk,0.838412046432
org.bobstuff.bobball.apk,0.60386800766
com.llamacorp.equate.apk,0.539966106415
org.schabi.openhitboxstreams.apk,0.385645151138
com.vrem.wifianalyzer.apk,1.2428381443
at.linuxtage.companion.apk,1.20916104317
ovh.ice.icecons.apk,0.337691068649
com.numguesser.tonio_rpchp.numberguesser.apk,0.230642080307
com.khuttun.notificationnotes.apk,0.361078977585
co.loubo.icicle.apk,1.09072709084
org.kost.nmap.android.networkmapper.apk,0.441906929016
net.pmarks.chromadoze.apk,0.930745840073
de.marmaro.krt.ffupdater.apk,0.794731855392
ru.glesik.wifireminders.apk,0.295608997345
org.cry.otp.apk,0.567553043365
com.simplemobiletools.camera.apk,0.558238983154
za.co.lukestonehm.logicaldefence.apk,0.539469003677
com.secuso.torchlight2.apk,0.268369197845
de.phoenixstudios.pc_dimmer.apk,0.850080013275
org.legtux.m_316k.taptheblacktiles.apk,0.286629915237
org.schabi.svgredirect.apk,0.272404909134
com.samsung.srpol.apk,0.875060081482
org.afhdownloader.apk,1.39188504219
ru.meefik.busybox.apk,0.381978988647
com.naman14.stools.apk,0.844483852386
com.mustafaali.sensorssandbox.apk,0.458404064178
de.cryptobitch.muelli.vouchercalc.apk,0.3686439991
info.staticfree.SuperGenPass.apk,1.12168884277
com.tortel.syslog.apk,2.20997285843
com.github.redpanal.android.apk,0.278262138367
fr.hnit.riverferry.apk,0.809989929199
org.asnelt.derandom.apk,0.402263879776
de.naturalnet.mirwtfapp.apk,0.244573116302
com.samsandberg.mtafarebuster.apk,0.322314023972
at.bitfire.cadroid.apk,1.64955210686
net.bitconomy.ckpoolwatcher.apk,0.530024051666
org.osmocom.tacdatabaseclient.apk,0.681560993195
com.nathanosman.chronosnap.apk,0.486835956573
com.markusborg.test.apk,0.679630041122
fr.mobdev.goblim.apk,0.968712806702
science.itaintrocket.pomfshare.apk,0.25768995285
com.thefonz.ed_tool.apk,0.398978948593
is.pinterjann.jaws.apk,0.36306810379
de.kodejak.hashr.apk,0.557677984238
com.simplemobiletools.draw.apk,0.607089996338
com.claha.showtimeremote.apk,0.437099933624
com.dimtion.shaarlier.apk,2.24131798744
systems.byteswap.aiproute.apk,1.16892695427
com.phikal.regex.apk,1.51093387604
de.audioattack.yacy32c3search.apk,0.41573381424
de.karbach.tac.apk,1.40400314331
com.briankhuu.nfcmessageboard.apk,0.437932014465
ch.ihdg.calendarcolor.apk,0.199709892273
com.idunnololz.igo.apk,0.488252878189
com.simplemobiletools.gallery.apk,3.33626699448
it.niedermann.owncloud.notes.apk,1.29330086708
com.guvery.notifyme.apk,0.818235874176
fr.tvbarthel.apps.simpleweatherforcast.apk,0.855928897858
it.mobimentum.dualsimwidget.apk,0.40708398819
de.naturalnet.zahnarztgeraeusche.apk,0.252833843231
com.blanyal.remindly.apk,0.873792171478
com.fisheradelakin.interactivestory.apk,0.801211118698
org.bienvenidoainternet.app.apk,3.61494016647
eu.siacs.conversations.voicerecorder.apk,0.253838062286
com.phg.constellations.apk,0.312355041504
net.bierbaumer.otp_authenticator.apk,1.60774993896
org.opengappsdownloader.apk,2.30845403671
