de.meonwax.soundboard.apk,0.815412044525
com.github.redpanal.android.apk,0.842647075653
fr.s3i.pointeuse.apk,1.32803106308
com.adam.aslfms.apk,1.90319991112
com.khuttun.notificationnotes.apk,1.12340593338
org.osmocom.tacdatabaseclient.apk,0.695875883102
com.fisheradelakin.interactivestory.apk,0.794798135757
com.naman14.stools.apk,3.79412913322
souch.smsbypass.apk,0.947062969208
org.yaaic.apk,3.29769992828
com.tomaszmarzeion.notepad.apk,1.31833410263
de.baumann.sieben.apk,1.43634796143
org.opengemara.shiurim.apk,1.08958697319
me.shrimadhavuk.watransmitter.apk,0.725958108902
eu.siacs.conversations.voicerecorder.apk,0.68569111824
be.brunoparmentier.apkshare.apk,1.12037706375
com.samsandberg.mtafarebuster.apk,0.931495904922
net.bierbaumer.otp_authenticator.apk,9.19742798805
io.github.benoitduffez.cupsprint.apk,3.62290000916
com.ebaschiera.triplecamel.apk,0.814743995667
net.gaast.giggity.apk,2.40120387077
org.legtux.m_316k.taptheblacktiles.apk,0.748003959656
org.y20k.transistor.apk,1.24735808372
com.phg.constellations.apk,0.735314130783
com.example.ismael.downloadfilesweb.apk,0.605516910553
be.digitalia.fosdem.apk,3.45505213737
axp.tool.apkextractor.apk,0.55465388298
ru.glesik.wifireminders.apk,0.355642080307
net.wigle.wigleandroid.apk,2.90751886368
net.programmierecke.radiodroid2.apk,1.62030792236
cz.martykan.forecastie.apk,0.904888868332
com.javierllorente.adc.apk,0.71626496315
systems.byteswap.aiproute.apk,0.734862089157
com.dimtion.shaarlier.apk,3.25705599785
com.mrbimc.selinux.apk,1.46750402451
com.secuso.privacyFriendlyCodeScanner.apk,10.9993941784
de.kodejak.hashr.apk,0.649482011795
com.eibriel.reddot.apk,0.710658073425
com.catchingnow.tinyclipboardmanager.apk,1.77494215965
com.maralexbar.wifikeyview.apk,0.56170296669
com.redirectapps.tvkill.apk,1.31878304482
org.cry.otp.apk,0.704220056534
science.itaintrocket.pomfshare.apk,0.602187156677
za.co.lukestonehm.logicaldefence.apk,1.03819704056
com.alexkang.bluechat.apk,0.527338027954
com.simplemobiletools.draw.apk,2.37282180786
de.marmaro.krt.ffupdater.apk,0.636779069901
com.idunnololz.igo.apk,1.77728319168
io.github.tompreuss.apnsettings.apk,0.560315847397
com.guvery.notifyme.apk,2.35471701622
ch.blinkenlights.android.vanilla.apk,2.23753190041
info.staticfree.SuperGenPass.apk,2.27378892899
org.surrel.facebooknotifications.apk,0.530549049377
org.developfreedom.wordpowermadeeasy.apk,0.348979949951
com.numguesser.tonio_rpchp.numberguesser.apk,0.63393497467
com.gabm.fancyplaces.apk,8.03301882744
de.naturalnet.zahnarztgeraeusche.apk,0.64671087265
de.phoenixstudios.pc_dimmer.apk,5.49721097946
com.sevag.pitcha.apk,0.387887954712
com.ds.avare.apk,16.7444770336
org.secuso.privacyfriendlysudoku.apk,2.57125496864
com.rubenroy.minimaltodo.apk,5.32905697823
org.asnelt.derandom.apk,0.980278015137
souch.smp.apk,0.52773809433
com.simplemobiletools.gallery.apk,18.9057581425
click.dummer.textthing.apk,0.795328855515
com.blanyal.remindly.apk,3.18460392952
org.holylobster.nuntius.apk,2.22034287453
com.secuso.torchlight2.apk,0.609502077103
com.termux.styling.apk,0.410681962967
com.simplemobiletools.camera.apk,1.72536706924
com.mustafaali.sensorssandbox.apk,1.18942689896
is.pinterjann.jaws.apk,0.854437112808
it.niedermann.owncloud.notes.apk,1.93535399437
ovh.ice.icecons.apk,0.676312923431
com.thefonz.ed_tool.apk,1.30645298958
com.samsung.srpol.apk,3.55461001396
com.simplemobiletools.notes.apk,3.25293898582
org.segin.bfinterpreter.apk,0.902343988419
com.termux.widget.apk,0.581029176712
com.thibaudperso.sonycamera.apk,3.02553987503
com.rastating.droidbeard.apk,3.27713418007
org.schabi.sharewithnewpipe.apk,0.513243913651
com.nightshadelabs.anotherbrowser.apk,0.201910972595
io.github.phora.androptpb.apk,1.3094959259
com.github.yeriomin.smsscheduler.apk,0.402070999146
com.evenement.encapsulation.apk,3.47210001945
com.tortel.syslog.apk,10.5308969021
com.soyblue.bluesound.apk,0.649264812469
com.markusborg.test.apk,0.908664941788
org.opengappsdownloader.apk,4.94623208046
org.xposeddownloader.apk,4.20301103592
com.rogerbassonsrenart.paddletennis.apk,0.861644983292
de.audioattack.yacy32c3search.apk,0.869542121887
com.luk.timetable2.apk,8.99121809006
com.llamacorp.equate.apk,1.56532692909
com.byagowi.persiancalendar.apk,1.08858203888
de.karbach.tac.apk,3.50321006775
com.abcdjdj.rootverifier.apk,0.924416065216
com.pjuu.droidotter.apk,0.372438192368
it.mobimentum.dualsimwidget.apk,0.546719074249
de.audioattack.openlink.apk,0.52321100235
org.basketbuilddownloader.apk,4.10171198845
com.github.mofosyne.tagdrop.apk,0.718127965927
com.doomy.torch.apk,1.20336103439
ru.meefik.busybox.apk,0.851475000381
at.linuxtage.companion.apk,5.13923788071
org.secuso.privacyfriendlydicer.apk,0.73184299469
co.loubo.icicle.apk,2.54267120361
fr.mobdev.goblim.apk,1.31881904602
com.vrem.wifianalyzer.apk,8.81975197792
com.jotabout.screeninfo.apk,0.307197093964
com.phikal.regex.apk,0.625412940979
com.mikifus.padland.apk,1.72810602188
net.iexos.musicalarm.apk,0.5856320858
com.moonpi.swiftnotes.apk,0.35165309906
org.schabi.openhitboxstreams.apk,0.601037025452
org.janb.shoppinglist.apk,13.5817849636
com.github.mofosyne.instantreadme.apk,0.846483945847
net.loeuillet.wifi_eap_sim_conf.apk,0.441776990891
org.pulpdust.lesserpad.apk,1.54028701782
com.pjuu.otterdroid.apk,0.374864816666
it.reyboz.chordshift.apk,0.525884151459
org.toulibre.cdl.apk,2.91818809509
org.schabi.terminightor.apk,1.37762784958
ch.ihdg.calendarcolor.apk,0.607640028
com.briankhuu.nfcmessageboard.apk,0.646654129028
com.holokenmod.apk,1.18538594246
com.danielkim.soundrecorder.apk,2.94437718391
de.cryptobitch.muelli.vouchercalc.apk,0.620047092438
com.github.yeriomin.dumbphoneassistant.apk,5.33739495277
rino.org.tethercompanion.apk,1.07010197639
com.easwareapps.quoter.apk,1.22208189964
us.shandian.giga.apk,5.74493598938
fr.tvbarthel.apps.simpleweatherforcast.apk,2.80691385269
com.claha.showtimeremote.apk,0.621254920959
me.anuraag.loveactualized.apk,0.59734416008
com.nathanosman.chronosnap.apk,0.752163887024
in.blogspot.anselmbros.torchie.apk,1.43394207954
net.bitconomy.ckpoolwatcher.apk,0.800748825073
com.phpsysinfo.apk,0.916228055954
com.fullscreen.apk,1.04787421227
vnd.blueararat.kaleidoscope6.apk,0.772562980652
anupam.acrylic.apk,0.431653022766
de.naturalnet.mirwtfapp.apk,1.26087498665
net.pmarks.chromadoze.apk,1.07501101494
com.jarsilio.android.waveup.apk,0.940691947937
org.bienvenidoainternet.app.apk,42.9309000969
de.jkliemann.parkendd.apk,5.31554484367
eu.faircode.finegeotag.apk,3.12039089203
org.afhdownloader.apk,4.39675498009
org.hiittimer.hiittimer.apk,3.09431314468
com.alexkang.loopboard.apk,0.764480113983
io.github.sanbeg.flashlight.apk,0.858402013779
fr.hnit.riverferry.apk,0.669637918472
org.kost.nmap.android.networkmapper.apk,0.474236011505
org.indywidualni.fblite.apk,10.4466369152
org.bobstuff.bobball.apk,1.76001405716
at.bitfire.cadroid.apk,2.84345698357
com.ultramegatech.ey.apk,0.990387916565
org.schabi.svgredirect.apk,0.880182027817
com.prhlt.aemus.Read4SpeechExperiments.apk,1.32759404182
