org.afhdownloader.apk,1,9,0.111111111111
net.gaast.giggity.apk,1,4,0.25
net.bitconomy.ckpoolwatcher.apk,0,4,0
science.itaintrocket.pomfshare.apk,0,3,0
com.jarsilio.android.waveup.apk,0,6,0
de.audioattack.yacy32c3search.apk,0,6,0
be.digitalia.fosdem.apk,1,6,0.166666666667
fr.mobdev.goblim.apk,0,6,0
org.asnelt.derandom.apk,0,4,0
com.simplemobiletools.camera.apk,2,8,0.25
com.vrem.wifianalyzer.apk,2,7,0.285714285714
com.mustafaali.sensorssandbox.apk,1,8,0.125
org.legtux.m_316k.taptheblacktiles.apk,0,4,0
com.tortel.syslog.apk,5,12,0.416666666667
com.mikifus.padland.apk,1,10,0.1
com.khuttun.notificationnotes.apk,0,7,0
org.schabi.sharewithnewpipe.apk,0,6,0
de.karbach.tac.apk,0,4,0
de.baumann.sieben.apk,0,8,0
com.nathanosman.chronosnap.apk,0,4,0
com.secuso.torchlight2.apk,0,4,0
de.cryptobitch.muelli.vouchercalc.apk,0,6,0
org.cry.otp.apk,0,8,0
ch.ihdg.calendarcolor.apk,1,1,1
com.samsandberg.mtafarebuster.apk,0,6,0
com.briankhuu.nfcmessageboard.apk,0,4,0
ru.meefik.busybox.apk,0,4,0
com.naman14.stools.apk,0,5,0
com.claha.showtimeremote.apk,0,4,0
de.kodejak.hashr.apk,0,4,0
ovh.ice.icecons.apk,0,4,0
de.marmaro.krt.ffupdater.apk,0,6,0
com.phikal.regex.apk,0,5,0
com.numguesser.tonio_rpchp.numberguesser.apk,0,4,0
com.simplemobiletools.draw.apk,3,9,0.333333333333
net.pmarks.chromadoze.apk,0,4,0
de.naturalnet.mirwtfapp.apk,0,6,0
com.phg.constellations.apk,0,4,0
in.blogspot.anselmbros.torchie.apk,0,6,0
com.llamacorp.equate.apk,0,1,0
fr.tvbarthel.apps.simpleweatherforcast.apk,1,5,0.2
net.bierbaumer.otp_authenticator.apk,3,9,0.333333333333
fr.hnit.riverferry.apk,0,6,0
org.schabi.terminightor.apk,2,10,0.2
de.phoenixstudios.pc_dimmer.apk,2,6,0.333333333333
info.staticfree.SuperGenPass.apk,1,3,0.333333333333
it.mobimentum.dualsimwidget.apk,0,6,0
it.niedermann.owncloud.notes.apk,1,7,0.142857142857
za.co.lukestonehm.logicaldefence.apk,0,7,0
com.dimtion.shaarlier.apk,1,5,0.2
com.samsung.srpol.apk,2,6,0.333333333333
me.anuraag.loveactualized.apk,0,4,0
com.github.yeriomin.dumbphoneassistant.apk,1,1,1
com.fisheradelakin.interactivestory.apk,0,4,0
ru.glesik.wifireminders.apk,0,3,0
com.markusborg.test.apk,0,4,0
eu.siacs.conversations.voicerecorder.apk,0,4,0
systems.byteswap.aiproute.apk,0,4,0
org.pulpdust.lesserpad.apk,0,1,0
com.idunnololz.igo.apk,0,4,0
org.schabi.svgredirect.apk,0,6,0
com.thefonz.ed_tool.apk,0,3,0
org.schabi.openhitboxstreams.apk,0,6,0
eu.faircode.finegeotag.apk,1,1,1
org.holylobster.nuntius.apk,1,6,0.166666666667
cz.martykan.forecastie.apk,1,7,0.142857142857
com.secuso.privacyFriendlyCodeScanner.apk,2,6,0.333333333333
com.example.ismael.downloadfilesweb.apk,0,4,0
org.bobstuff.bobball.apk,0,4,0
co.loubo.icicle.apk,0,4,0
com.guvery.notifyme.apk,2,8,0.25
com.easwareapps.quoter.apk,0,9,0
net.programmierecke.radiodroid2.apk,0,9,0
com.simplemobiletools.gallery.apk,4,12,0.333333333333
com.github.redpanal.android.apk,0,4,0
is.pinterjann.jaws.apk,1,5,0.2
org.kost.nmap.android.networkmapper.apk,0,4,0
org.osmocom.tacdatabaseclient.apk,0,6,0
click.dummer.textthing.apk,0,6,0
org.opengappsdownloader.apk,1,9,0.111111111111
org.secuso.privacyfriendlydicer.apk,0,4,0
com.blanyal.remindly.apk,4,9,0.444444444444
org.bienvenidoainternet.app.apk,6,13,0.461538461538
com.mrbimc.selinux.apk,0,4,0
org.opengemara.shiurim.apk,0,6,0
de.naturalnet.zahnarztgeraeusche.apk,0,6,0
at.bitfire.cadroid.apk,1,1,1
at.linuxtage.companion.apk,1,6,0.166666666667
,,,0.121870837495807
