com.samsung.srpol.apk,0.824881076813
com.mrbimc.selinux.apk,1.12559509277
org.pulpdust.lesserpad.apk,0.89585518837
com.example.ismael.downloadfilesweb.apk,0.171980857849
de.naturalnet.mirwtfapp.apk,0.236696004868
de.karbach.tac.apk,0.569312095642
com.github.yeriomin.dumbphoneassistant.apk,1.58014321327
org.schabi.svgredirect.apk,0.16987991333
org.cry.otp.apk,0.243479967117
net.bitconomy.ckpoolwatcher.apk,0.166850805283
com.claha.showtimeremote.apk,0.254627943039
com.simplemobiletools.camera.apk,0.99116897583
net.gaast.giggity.apk,0.538916110992
de.cryptobitch.muelli.vouchercalc.apk,0.145664930344
com.tortel.syslog.apk,2.35880994797
org.schabi.openhitboxstreams.apk,0.0850911140442
it.mobimentum.dualsimwidget.apk,0.159260988235
com.mikifus.padland.apk,1.18890404701
net.bierbaumer.otp_authenticator.apk,2.1998360157
cz.martykan.forecastie.apk,0.297535896301
com.numguesser.tonio_rpchp.numberguesser.apk,0.786313056946
eu.siacs.conversations.voicerecorder.apk,0.109982013702
com.idunnololz.igo.apk,0.334390163422
me.anuraag.loveactualized.apk,0.159691095352
com.secuso.privacyFriendlyCodeScanner.apk,1.55392122269
de.kodejak.hashr.apk,1.00220489502
org.opengappsdownloader.apk,2.14821815491
fr.tvbarthel.apps.simpleweatherforcast.apk,0.638466119766
com.naman14.stools.apk,0.735121011734
org.osmocom.tacdatabaseclient.apk,0.741551160812
systems.byteswap.aiproute.apk,0.372380971909
is.pinterjann.jaws.apk,0.314106941223
org.bobstuff.bobball.apk,0.488399028778
org.asnelt.derandom.apk,0.267004966736
de.phoenixstudios.pc_dimmer.apk,1.4715590477
org.schabi.sharewithnewpipe.apk,0.77530503273
org.schabi.terminightor.apk,0.387911081314
de.naturalnet.zahnarztgeraeusche.apk,0.845408916473
com.nathanosman.chronosnap.apk,0.0871410369873
info.staticfree.SuperGenPass.apk,0.341020107269
com.guvery.notifyme.apk,1.45973587036
com.fisheradelakin.interactivestory.apk,0.128997087479
ru.glesik.wifireminders.apk,0.228519916534
org.legtux.m_316k.taptheblacktiles.apk,0.220734834671
ru.meefik.busybox.apk,0.304565906525
de.baumann.sieben.apk,0.565934181213
com.vrem.wifianalyzer.apk,1.49238801003
fr.mobdev.goblim.apk,0.386886119843
it.niedermann.owncloud.notes.apk,1.09464693069
de.marmaro.krt.ffupdater.apk,0.761519908905
fr.hnit.riverferry.apk,0.242958068848
de.audioattack.yacy32c3search.apk,0.880784988403
com.briankhuu.nfcmessageboard.apk,0.248392105103
net.programmierecke.radiodroid2.apk,0.534215211868
com.markusborg.test.apk,0.958938121796
com.samsandberg.mtafarebuster.apk,0.172680854797
com.jarsilio.android.waveup.apk,0.188095092773
com.llamacorp.equate.apk,0.973073959351
org.holylobster.nuntius.apk,0.716314077377
com.blanyal.remindly.apk,1.56492805481
com.simplemobiletools.draw.apk,1.02026200294
com.secuso.torchlight2.apk,0.77294421196
be.digitalia.fosdem.apk,1.08897089958
com.phikal.regex.apk,0.919329881668
com.simplemobiletools.gallery.apk,1.65264678001
org.bienvenidoainternet.app.apk,2.99845600128
net.pmarks.chromadoze.apk,1.00041985512
com.github.redpanal.android.apk,0.129465103149
at.bitfire.cadroid.apk,1.41409516335
at.linuxtage.companion.apk,1.47154712677
org.secuso.privacyfriendlydicer.apk,0.230452060699
com.dimtion.shaarlier.apk,2.40018081665
com.easwareapps.quoter.apk,0.405717134476
com.thefonz.ed_tool.apk,0.407732963562
co.loubo.icicle.apk,1.29798579216
com.phg.constellations.apk,0.158890008926
org.afhdownloader.apk,0.928315877914
ch.ihdg.calendarcolor.apk,0.145001888275
za.co.lukestonehm.logicaldefence.apk,0.134149074554
click.dummer.textthing.apk,0.771603107452
in.blogspot.anselmbros.torchie.apk,0.516532182693
org.opengemara.shiurim.apk,0.130558013916
science.itaintrocket.pomfshare.apk,0.142208099365
eu.faircode.finegeotag.apk,0.909708976746
com.mustafaali.sensorssandbox.apk,0.248872041702
com.khuttun.notificationnotes.apk,0.304306983948
ovh.ice.icecons.apk,0.0871751308441
org.kost.nmap.android.networkmapper.apk,0.277637004852
