com.mikifus.padland.apk,jsr305-3.0.0,junidecode-v0.2
net.bierbaumer.otp_authenticator.apk,commons-codec-1.5
fr.tvbarthel.apps.simpleweatherforcast.apk,jsr305-2.0.1,jsr305-3.0.0,junidecode-v0.2,com.github.bumptech.glide.okhttp-integration.1.4.0
de.phoenixstudios.pc_dimmer.apk,com.larswerkman.HoloColorPicker.1.5
fr.mobdev.goblim.apk,jsr305-2.0.1,jsr305-3.0.0,junidecode-v0.2,slf4j-simple-1.6.1,com.github.bumptech.glide.okhttp-integration.1.4.0
org.bienvenidoainternet.app.apk,jsr305-3.0.0,annotations-java5-15.0
net.pmarks.chromadoze.apk,com.dougkeen.bart
ch.ihdg.calendarcolor.apk,com.larswerkman.HoloColorPicker.1.5
