at.bitfire.cadroid.apk,commons-lang3-3.4,jsr250-api-1.0,commons-lang3-3.3.2
com.blanyal.remindly.apk,com.getbase.floatingactionbutton.1.9.0,com.getbase.floatingactionbutton.1.9.1,com.wdullaer.materialdatetimepicker.1.2.1,com.bignerdranch.android.recyclerview-multiselect.0.2,com.getbase.floatingactionbutton.1.10.0,com.wdullaer.materialdatetimepicker.1.5.1,com.amulyakhare.com.amulyakhare.textdrawable.1.0.1
net.bierbaumer.otp_authenticator.apk,jsr250-api-1.0,core-3.2.0,commons-codec-1.6,commons-codec-1.5,com.journeyapps.zxing-android-embedded.3.0.2,com.journeyapps.zxing-android-embedded.3.0.3,core-3.2.1
com.llamacorp.equate.apk,jsr250-api-1.0,com.viewpagerindicator.library.2.4.1,com.inkapplications.viewpageindicator.library.2.4.3
com.mrbimc.selinux.apk,RootTools-3.5
info.staticfree.SuperGenPass.apk,commons-codec-1.6,commons-codec-1.8
com.github.yeriomin.dumbphoneassistant.apk,junidecode-v0.2
com.simplemobiletools.camera.apk,com.jakewharton.butterknife.8.0.1,jsr250-api-1.0,butterknife-annotations-8.0.1
ch.ihdg.calendarcolor.apk,com.larswerkman.HoloColorPicker.1.5
in.blogspot.anselmbros.torchie.apk,jsr250-api-1.0
com.secuso.privacyFriendlyCodeScanner.apk,com.journeyapps.zxing-android-embedded.3.0.2,com.journeyapps.zxing-android-embedded.3.0.3,jsr250-api-1.0,core-3.2.1,core-3.2.0
be.digitalia.fosdem.apk,com.viewpagerindicator.library.2.4.1,library-1.2.2,com.github.chrisbanes.PhotoView.1.2.6,com.github.chrisbanes.photoview.library.1.2.4,com.github.chrisbanes.photoview.library.1.2.3,com.commit451.PhotoView.1.2.4,com.commit451.PhotoView.1.2.5,com.inkapplications.viewpageindicator.library.2.4.3
com.mikifus.padland.apk,com.pnikosis.materialish-progress.1.7,com.pnikosis.materialish-progress.1.5,annotations-java5-15.0
fr.mobdev.goblim.apk,annotations-java5-15.0
org.opengappsdownloader.apk,jsoup-1.7.3,jsoup-1.9.2,jsr250-api-1.0,jsoup-1.8.1,jsoup-1.8.3,jsoup-1.8.2,jsoup-1.9.1
co.loubo.icicle.apk,jsr250-api-1.0
org.bienvenidoainternet.app.apk,jsoup-1.7.3,com.koushikdutta.async.androidasync.2.1.7,jsr250-api-1.0,com.davemorrissey.labs.subsampling-scale-image-view.3.5.0,gson-2.2.4,jsoup-1.9.2,jsoup-1.9.1,gson-2.5,gson-2.4,pl.droidsonroids.gif.android-gif-drawable.1.1.14,gson-2.3.1,com.davemorrissey.labs.subsampling-scale-image-view.3.4.1,com.koushikdutta.async.androidasync.2.1.9,annotations-java5-15.0,jsoup-1.8.3,jsoup-1.8.2,com.koushikdutta.ion.ion.2.1.7,gson-2.8.0,gson-2.3,jsoup-1.8.1,com.koushikdutta.ion.ion.2.1.9
com.vrem.wifianalyzer.apk,butterknife-annotations-8.0.1,commons-lang3-3.4,jsr250-api-1.0,com.jjoe64.graphview.4.0.1,commons-lang3-3.3.2
com.samsung.srpol.apk,com.nhaarman.listviewanimations.lib-core.3.1.0,library-2.4.0
cz.martykan.forecastie.apk,dashclock-api-2.0.0
net.pmarks.chromadoze.apk,jsr250-api-1.0,com.dougkeen.bart
com.dimtion.shaarlier.apk,jsoup-1.7.3,jsoup-1.9.2,jsr250-api-1.0,jsoup-1.8.1,jsoup-1.8.3,jsoup-1.8.2,jsoup-1.9.1
fr.hnit.riverferry.apk,jsr250-api-1.0
de.karbach.tac.apk,jsr250-api-1.0
science.itaintrocket.pomfshare.apk,jsr250-api-1.0
com.simplemobiletools.gallery.apk,jsr250-api-1.0,glide-3.7.0,library-1.2.2,com.github.chrisbanes.PhotoView.1.2.6,com.github.chrisbanes.photoview.library.1.2.4,butterknife-annotations-8.0.1,annotations-java5-15.0,com.github.chrisbanes.photoview.library.1.2.3,glide-3.5.2,com.jakewharton.butterknife.8.0.1,com.commit451.PhotoView.1.2.4,com.commit451.PhotoView.1.2.5
de.phoenixstudios.pc_dimmer.apk,com.larswerkman.HoloColorPicker.1.5,com.github.yukuku.ambilwarna.2.0.1
at.linuxtage.companion.apk,com.viewpagerindicator.library.2.4.1,library-1.2.2,com.github.chrisbanes.PhotoView.1.2.6,com.github.chrisbanes.photoview.library.1.2.4,com.github.chrisbanes.photoview.library.1.2.3,com.commit451.PhotoView.1.2.4,com.commit451.PhotoView.1.2.5,com.inkapplications.viewpageindicator.library.2.4.3
com.mustafaali.sensorssandbox.apk,com.github.gabrielemariotti.changeloglib.changelog.2.1.0
com.naman14.stools.apk,jsr250-api-1.0,achartengine-1.2.0
com.tortel.syslog.apk,eu.chainfire.libsuperuser.1.0.0.201702212052,jsr250-api-1.0,com.github.afollestad.material-dialogs.core.0.8.5.8,eventbus-3.0.0,com.github.afollestad.material-dialogs.core.0.8.5.4,com.afollestad.material-dialogs.core.0.8.5.1,pub.devrel.easypermissions.0.1.5,eventbus-2.4.0,com.github.afollestad.material-dialogs.core.0.8.5.3,com.github.afollestad.material-dialogs.core.0.8.5.2,me.zhanghai.android.materialprogressbar.library.1.1.5,me.zhanghai.android.materialprogressbar.library.1.1.4,eu.chainfire.libsuperuser.1.0.0.201608240809
fr.tvbarthel.apps.simpleweatherforcast.apk,library-2.4.0
org.afhdownloader.apk,jsoup-1.7.3,jsoup-1.9.2,jsr250-api-1.0,jsoup-1.8.1,jsoup-1.8.3,jsoup-1.8.2,jsoup-1.9.1
eu.faircode.finegeotag.apk,jsr250-api-1.0,gson-2.2.4,gson-2.5,gson-2.4,gson-2.3.1,gson-2.8.0,gson-2.3
it.niedermann.owncloud.notes.apk,com.commit451.bypasses.1.0.1
is.pinterjann.jaws.apk,jsr305-3.0.0,junidecode-v0.2,com.github.lzyzsd.circleprogress.1.1.0
org.holylobster.nuntius.apk,jsr250-api-1.0,com.nispok.snackbar.2.10.2,annotations-java5-15.0
org.schabi.terminightor.apk,timber-2.5.0,com.melnykov.floatingactionbutton.1.1.0,com.melnykov.floatingactionbutton.1.3.0,library-2.4.0
net.gaast.giggity.apk,jsr250-api-1.0,commons-io-2.4,commons-io-2.0.1
com.guvery.notifyme.apk,com.melnykov.floatingactionbutton.1.1.0,com.melnykov.floatingactionbutton.1.3.0,library-2.4.0
com.simplemobiletools.draw.apk,com.jakewharton.butterknife.8.0.1,jsr250-api-1.0,com.github.yukuku.ambilwarna.2.0.1,butterknife-annotations-8.0.1
